[{"species_id":"AB","genus":"Amphispiza","species":"bilineata","taxa":"Bird"},{"species_id":"AH","genus":"Ammospermophilus","species":"harrisi","taxa":"Rodent"},{"species_id":"AS","genus":"Ammodramus","species":"savannarum","taxa":"Bird"},{"species_id":"BA","genus":"Baiomys","species":"taylori","taxa":"Rodent"},{"species_id":"CB","genus":"Campylorhynchus","species":"brunneicapillus","taxa":"Bird"},{"species_id":"CM","genus":"Calamospiza","species":"melanocorys","taxa":"Bird"},{"species_id":"CQ","genus":"Callipepla","species":"squamata","taxa":"Bird"},{"species_id":"CS","genus":"Crotalus","species":"scutalatus","taxa":"Reptile"},{"species_id":"CT","genus":"Cnemidophorus","species":"tigris","taxa":"Reptile"},{"species_id":"CU","genus":"Cnemidophorus","species":"uniparens","taxa":"Reptile"},{"species_id":"CV","genus":"Crotalus","species":"viridis","taxa":"Reptile"},{"species_id":"DM","genus":"Dipodomys","species":"merriami","taxa":"Rodent"},{"species_id":"DO","genus":"Dipodomys","species":"ordii","taxa":"Rodent"},{"species_id":"DS","genus":"Dipodomys","species":"spectabilis","taxa":"Rodent"},{"species_id":"DX","genus":"Dipodomys","species":"sp.","taxa":"Rodent"},{"species_id":"EO","genus":"Eumeces","species":"obsoletus","taxa":"Reptile"},{"species_id":"GS","genus":"Gambelia","species":"silus","taxa":"Reptile"},{"species_id":"NL","genus":"Neotoma","species":"albigula","taxa":"Rodent"},{"species_id":"NX","genus":"Neotoma","species":"sp.","taxa":"Rodent"},{"species_id":"OL","genus":"Onychomys","species":"leucogaster","taxa":"Rodent"},{"species_id":"OT","genus":"Onychomys","species":"torridus","taxa":"Rodent"},{"species_id":"OX","genus":"Onychomys","species":"sp.","taxa":"Rodent"},{"species_id":"PB","genus":"Chaetodipus","species":"baileyi","taxa":"Rodent"},{"species_id":"PC","genus":"Pipilo","species":"chlorurus","taxa":"Bird"},{"species_id":"PE","genus":"Peromyscus","species":"eremicus","taxa":"Rodent"},{"species_id":"PF","genus":"Perognathus","species":"flavus","taxa":"Rodent"},{"species_id":"PG","genus":"Pooecetes","species":"gramineus","taxa":"Bird"},{"species_id":"PH","genus":"Perognathus","species":"hispidus","taxa":"Rodent"},{"species_id":"PI","genus":"Chaetodipus","species":"intermedius","taxa":"Rodent"},{"species_id":"PL","genus":"Peromyscus","species":"leucopus","taxa":"Rodent"},{"species_id":"PM","genus":"Peromyscus","species":"maniculatus","taxa":"Rodent"},{"species_id":"PP","genus":"Chaetodipus","species":"penicillatus","taxa":"Rodent"},{"species_id":"PU","genus":"Pipilo","species":"fuscus","taxa":"Bird"},{"species_id":"PX","genus":"Chaetodipus","species":"sp.","taxa":"Rodent"},{"species_id":"RF","genus":"Reithrodontomys","species":"fulvescens","taxa":"Rodent"},{"species_id":"RM","genus":"Reithrodontomys","species":"megalotis","taxa":"Rodent"},{"species_id":"RO","genus":"Reithrodontomys","species":"montanus","taxa":"Rodent"},{"species_id":"RX","genus":"Reithrodontomys","species":"sp.","taxa":"Rodent"},{"species_id":"SA","genus":"Sylvilagus","species":"audubonii","taxa":"Rabbit"},{"species_id":"SB","genus":"Spizella","species":"breweri","taxa":"Bird"},{"species_id":"SC","genus":"Sceloporus","species":"clarki","taxa":"Reptile"},{"species_id":"SF","genus":"Sigmodon","species":"fulviventer","taxa":"Rodent"},{"species_id":"SH","genus":"Sigmodon","species":"hispidus","taxa":"Rodent"},{"species_id":"SO","genus":"Sigmodon","species":"ochrognathus","taxa":"Rodent"},{"species_id":"SS","genus":"Spermophilus","species":"spilosoma","taxa":"Rodent"},{"species_id":"ST","genus":"Spermophilus","species":"tereticaudus","taxa":"Rodent"},{"species_id":"SU","genus":"Sceloporus","species":"undulatus","taxa":"Reptile"},{"species_id":"SX","genus":"Sigmodon","species":"sp.","taxa":"Rodent"},{"species_id":"UL","genus":"Lizard","species":"sp.","taxa":"Reptile"},{"species_id":"UP","genus":"Pipilo","species":"sp.","taxa":"Bird"},{"species_id":"UR","genus":"Rodent","species":"sp.","taxa":"Rodent"},{"species_id":"US","genus":"Sparrow","species":"sp.","taxa":"Bird"},{"species_id":"ZL","genus":"Zonotrichia","species":"leucophrys","taxa":"Bird"},{"species_id":"ZM","genus":"Zenaida","species":"macroura","taxa":"Bird"}]